<?xml version="1.0" encoding="UTF-8"?>
<library xmlns="urn:hl7-org:elm:r1" xmlns:t="urn:hl7-org:elm-types:r1" xmlns:xsi="http://www.w3.org/2001/XMLSchema-instance" xmlns:xsd="http://www.w3.org/2001/XMLSchema" xmlns:fhir="http://hl7.org/fhir" xmlns:qdm43="urn:healthit-gov:qdm:v4_3" xmlns:qdm53="urn:healthit-gov:qdm:v5_3" xmlns:a="urn:hl7-org:cql-annotations:r1">
   <annotation translatorVersion="2.9.0" translatorOptions="EnableAnnotations,EnableLocators,DisableListDemotion,DisableListPromotion" xsi:type="a:CqlToElmInfo"/>
   <annotation xsi:type="a:Annotation">
      <a:s r="40">
         <a:s>library IMMZConcepts</a:s>
      </a:s>
   </annotation>
   <identifier id="IMMZConcepts" system="http://smart.who.int/ig/smart-immunizations-measles"/>
   <schemaIdentifier id="urn:hl7-org:elm" version="r1"/>
   <usings>
      <def localIdentifier="System" uri="urn:hl7-org:elm-types:r1"/>
   </usings>
   <codeSystems>
      <def localId="1" locator="5:1-5:53" name="ICD-10" id="http://hl7.org/fhir/sid/icd-10" accessLevel="Public">
         <annotation xsi:type="a:Annotation">
            <a:s r="1">
               <a:s>// Code Systems
//Probably can delete these once imported WHOConcepts
codesystem &quot;ICD-10&quot;: 'http://hl7.org/fhir/sid/icd-10'</a:s>
            </a:s>
         </annotation>
      </def>
      <def localId="2" locator="6:1-6:48" name="SNOMED-CT" id="http://snomed.info/sct" accessLevel="Public">
         <annotation xsi:type="a:Annotation">
            <a:s r="2">
               <a:s>codesystem &quot;SNOMED-CT&quot;: 'http://snomed.info/sct'</a:s>
            </a:s>
         </annotation>
      </def>
      <def localId="3" locator="7:1-7:38" name="LOINC" id="http://loinc.org" accessLevel="Public">
         <annotation xsi:type="a:Annotation">
            <a:s r="3">
               <a:s>codesystem &quot;LOINC&quot;: 'http://loinc.org'</a:s>
            </a:s>
         </annotation>
      </def>
      <def localId="4" locator="8:1-8:66" name="RxNorm" id="http://www.nlm.nih.gov/research/umls/rxnorm" accessLevel="Public">
         <annotation xsi:type="a:Annotation">
            <a:s r="4">
               <a:s>codesystem &quot;RxNorm&quot;: 'http://www.nlm.nih.gov/research/umls/rxnorm'</a:s>
            </a:s>
         </annotation>
      </def>
      <def localId="5" locator="9:1-9:49" name="CIEL" id="http://hl7.org/fhir/sid/ciel" accessLevel="Public">
         <annotation xsi:type="a:Annotation">
            <a:s r="5">
               <a:s>codesystem &quot;CIEL&quot;: 'http://hl7.org/fhir/sid/ciel'</a:s>
            </a:s>
         </annotation>
      </def>
      <def localId="6" locator="10:1-10:53" name="ICD-11" id="http://hl7.org/fhir/sid/icd-11" accessLevel="Public">
         <annotation xsi:type="a:Annotation">
            <a:s r="6">
               <a:s>codesystem &quot;ICD-11&quot;: 'http://hl7.org/fhir/sid/icd-11'</a:s>
            </a:s>
         </annotation>
      </def>
      <def localId="7" locator="11:1-11:77" name="ICHI" id="https://mitel.dimi.uniud.it/ichi/#http://id.who.int/ichi" accessLevel="Public">
         <annotation xsi:type="a:Annotation">
            <a:s r="7">
               <a:s>codesystem &quot;ICHI&quot;: 'https://mitel.dimi.uniud.it/ichi/#http://id.who.int/ichi'</a:s>
            </a:s>
         </annotation>
      </def>
      <def localId="8" locator="12:1-12:50" name="ICF" id="http://hl7.org/fhir/sid/icf-nl" accessLevel="Public">
         <annotation xsi:type="a:Annotation">
            <a:s r="8">
               <a:s>codesystem &quot;ICF&quot;: 'http://hl7.org/fhir/sid/icf-nl'</a:s>
            </a:s>
         </annotation>
      </def>
      <def localId="9" locator="13:1-13:110" name="Extended Codes CodeSystem codes" id="http://fhir.org/guides/who/anc-cds/CodeSystem/anc-custom-codes" accessLevel="Public">
         <annotation xsi:type="a:Annotation">
            <a:s r="9">
               <a:s>codesystem &quot;Extended Codes CodeSystem codes&quot;: 'http://fhir.org/guides/who/anc-cds/CodeSystem/anc-custom-codes'</a:s>
            </a:s>
         </annotation>
      </def>
      <def localId="10" locator="15:1-15:84" name="IMMZ.C" id="http://smart.who.int/ig/smart-immunizations/CodeSystem/IMMZ.C" accessLevel="Public">
         <annotation xsi:type="a:Annotation">
            <a:s r="10">
               <a:s>codesystem &quot;IMMZ.C&quot;: 'http://smart.who.int/ig/smart-immunizations/CodeSystem/IMMZ.C'</a:s>
            </a:s>
         </annotation>
      </def>
      <def localId="11" locator="16:1-16:86" name="IMMZ.D1" id="http://smart.who.int/ig/smart-immunizations/CodeSystem/IMMZ.D1" accessLevel="Public">
         <annotation xsi:type="a:Annotation">
            <a:s r="11">
               <a:s>codesystem &quot;IMMZ.D1&quot;: 'http://smart.who.int/ig/smart-immunizations/CodeSystem/IMMZ.D1'</a:s>
            </a:s>
         </annotation>
      </def>
      <def localId="12" locator="17:1-17:86" name="IMMZ.D4" id="http://smart.who.int/ig/smart-immunizations/CodeSystem/IMMZ.D4" accessLevel="Public">
         <annotation xsi:type="a:Annotation">
            <a:s r="12">
               <a:s>codesystem &quot;IMMZ.D4&quot;: 'http://smart.who.int/ig/smart-immunizations/CodeSystem/IMMZ.D4'</a:s>
            </a:s>
         </annotation>
      </def>
   </codeSystems>
   <valueSets>
      <def localId="13" locator="20:1-20:71" name="WHO ATC" id="http://hl7.org/fhir/uv/ips/ValueSet/whoatc-uv-ips" accessLevel="Public">
         <annotation xsi:type="a:Annotation">
            <a:s r="13">
               <a:s>//WHO ATC IPS Valueset
valueset &quot;WHO ATC&quot;: 'http://hl7.org/fhir/uv/ips/ValueSet/whoatc-uv-ips'</a:s>
            </a:s>
         </annotation>
      </def>
      <def localId="14" locator="23:1-23:108" name="Negative Result" id="http://smart.who.int/ig/smart-immunizations/ValueSet/Negativetestresult-values" accessLevel="Public">
         <annotation xsi:type="a:Annotation">
            <a:s r="14">
               <a:s>// General use ValueSets
valueset &quot;Negative Result&quot;: 'http://smart.who.int/ig/smart-immunizations/ValueSet/Negativetestresult-values'</a:s>
            </a:s>
         </annotation>
      </def>
      <def localId="15" locator="24:1-24:108" name="Positive Result" id="http://smart.who.int/ig/smart-immunizations/ValueSet/PositiveTestResult-values" accessLevel="Public">
         <annotation xsi:type="a:Annotation">
            <a:s r="15">
               <a:s>valueset &quot;Positive Result&quot;: 'http://smart.who.int/ig/smart-immunizations/ValueSet/PositiveTestResult-values'</a:s>
            </a:s>
         </annotation>
      </def>
      <def localId="16" locator="25:1-25:109" name="Immunocompromised" id="http://smart.who.int/ig/smart-immunizations/ValueSet/Immunocompromised-values" accessLevel="Public">
         <annotation xsi:type="a:Annotation">
            <a:s r="16">
               <a:s>valueset &quot;Immunocompromised&quot;: 'http://smart.who.int/ig/smart-immunizations/ValueSet/Immunocompromised-values'</a:s>
            </a:s>
         </annotation>
      </def>
      <def localId="17" locator="26:1-26:124" name="Patient birth weight observation value" id="http://smart.who.int/ig/smart-immunizations/ValueSet/Birthweight-values" accessLevel="Public">
         <annotation xsi:type="a:Annotation">
            <a:s r="17">
               <a:s>valueset &quot;Patient birth weight observation value&quot;: 'http://smart.who.int/ig/smart-immunizations/ValueSet/Birthweight-values'</a:s>
            </a:s>
         </annotation>
      </def>
      <def localId="18" locator="27:1-27:94" name="PretermBirth" id="http://smart.who.int/ig/smart-immunizations/ValueSet/Preterm-values" accessLevel="Public">
         <annotation xsi:type="a:Annotation">
            <a:s r="18">
               <a:s>valueset &quot;PretermBirth&quot;: 'http://smart.who.int/ig/smart-immunizations/ValueSet/Preterm-values'</a:s>
            </a:s>
         </annotation>
      </def>
      <def localId="19" locator="28:1-28:106" name="Live Attenuated" id="http://smart.who.int/ig/smart-immunizations/ValueSet/LiveAttenduatedVaccines" accessLevel="Public">
         <annotation xsi:type="a:Annotation">
            <a:s r="19">
               <a:s>valueset &quot;Live Attenuated&quot;: 'http://smart.who.int/ig/smart-immunizations/ValueSet/LiveAttenduatedVaccines'</a:s>
            </a:s>
         </annotation>
      </def>
      <def localId="20" locator="32:1-32:94" name="HIV status" id="http://smart.who.int/ig/smart-immunizations/ValueSet/HIVstatus-values" accessLevel="Public">
         <annotation xsi:type="a:Annotation">
            <a:s r="20">
               <a:s>//valueset &quot;Target Disease&quot;: 'http://hl7.org/fhir/ValueSet/immunization-target-disease'
valueset &quot;HIV status&quot;: 'http://smart.who.int/ig/smart-immunizations/ValueSet/HIVstatus-values'</a:s>
            </a:s>
         </annotation>
      </def>
      <def localId="21" locator="33:1-33:103" name="HIV status - HIV positive Choices" id="http://fhir.org/guides/who/anc-cds/ValueSet/anc-b9-de46" accessLevel="Public">
         <annotation xsi:type="a:Annotation">
            <a:s r="21">
               <a:s>valueset &quot;HIV status - HIV positive Choices&quot;: 'http://fhir.org/guides/who/anc-cds/ValueSet/anc-b9-de46'</a:s>
            </a:s>
         </annotation>
      </def>
      <def localId="22" locator="34:1-34:103" name="HIV status - HIV negative Choices" id="http://fhir.org/guides/who/anc-cds/ValueSet/anc-b9-de47" accessLevel="Public">
         <annotation xsi:type="a:Annotation">
            <a:s r="22">
               <a:s>valueset &quot;HIV status - HIV negative Choices&quot;: 'http://fhir.org/guides/who/anc-cds/ValueSet/anc-b9-de47'</a:s>
            </a:s>
         </annotation>
      </def>
      <def localId="23" locator="36:1-36:92" name="ARV Drugs" id="http://smart.who.int/ig/smart-immunizations/ValueSet/ARVDrugs-values" accessLevel="Public">
         <annotation xsi:type="a:Annotation">
            <a:s r="23">
               <a:s>valueset &quot;ARV Drugs&quot;: 'http://smart.who.int/ig/smart-immunizations/ValueSet/ARVDrugs-values'</a:s>
            </a:s>
         </annotation>
      </def>
      <def localId="24" locator="40:1-40:90" name="MCV Vaccine" id="http://smart.who.int/ig/smart-immunizations/ValueSet/IMMZ.A1.DE9" accessLevel="Public">
         <annotation xsi:type="a:Annotation">
            <a:s r="24">
               <a:s>// Vaccine Value Sets
valueset &quot;MCV Vaccine&quot;: 'http://smart.who.int/ig/smart-immunizations/ValueSet/IMMZ.A1.DE9'</a:s>
            </a:s>
         </annotation>
      </def>
      <def localId="25" locator="43:1-43:90" name="BCG Vaccine" id="http://smart.who.int/ig/smart-immunizations/ValueSet/IMMZ.A1.DE1" accessLevel="Public">
         <annotation xsi:type="a:Annotation">
            <a:s r="25">
               <a:s>// Plugin is complaining about not finding these so that should be resolved, but here until it can be fixed
valueset &quot;BCG Vaccine&quot;: 'http://smart.who.int/ig/smart-immunizations/ValueSet/IMMZ.A1.DE1'</a:s>
            </a:s>
         </annotation>
      </def>
      <def localId="26" locator="44:1-44:94" name="Cholera Vaccine" id="http://smart.who.int/ig/smart-immunizations/ValueSet/IMMZ.A1.DE2" accessLevel="Public">
         <annotation xsi:type="a:Annotation">
            <a:s r="26">
               <a:s>valueset &quot;Cholera Vaccine&quot;: 'http://smart.who.int/ig/smart-immunizations/ValueSet/IMMZ.A1.DE2'</a:s>
            </a:s>
         </annotation>
      </def>
   </valueSets>
   <codes>
      <def localId="28" locator="48:1-48:90" name="Adverse Event Severity" id="246112005" display="Severity (attribute)" accessLevel="Public">
         <annotation xsi:type="a:Annotation">
            <a:s r="28">
               <a:s>code &quot;Adverse Event Severity&quot;: '246112005' from </a:s>
               <a:s r="27">
                  <a:s>&quot;SNOMED-CT&quot;</a:s>
               </a:s>
               <a:s> display 'Severity (attribute)'</a:s>
            </a:s>
         </annotation>
         <codeSystem localId="27" locator="48:49-48:59" name="SNOMED-CT"/>
      </def>
      <def localId="30" locator="49:1-49:95" name="Adverse Event Manifestation" id="246112005" display="Severity (attribute)" accessLevel="Public">
         <annotation xsi:type="a:Annotation">
            <a:s r="30">
               <a:s>code &quot;Adverse Event Manifestation&quot;: '246112005' from </a:s>
               <a:s r="29">
                  <a:s>&quot;SNOMED-CT&quot;</a:s>
               </a:s>
               <a:s> display 'Severity (attribute)'</a:s>
            </a:s>
         </annotation>
         <codeSystem localId="29" locator="49:54-49:64" name="SNOMED-CT"/>
      </def>
      <def localId="32" locator="51:1-51:78" name="Currently Pregnant" id="DE161" display="Currently Pregnant" accessLevel="Public">
         <annotation xsi:type="a:Annotation">
            <a:s r="32">
               <a:s>code &quot;Currently Pregnant&quot;: 'DE161' from </a:s>
               <a:s r="31">
                  <a:s>&quot;IMMZ.D4&quot;</a:s>
               </a:s>
               <a:s> display 'Currently Pregnant'</a:s>
            </a:s>
         </annotation>
         <codeSystem localId="31" locator="51:41-51:49" name="IMMZ.D4"/>
      </def>
      <def localId="34" locator="52:1-52:92" name="Severely immunosuppressed" id="DE165" display="Severely immunosuppressed" accessLevel="Public">
         <annotation xsi:type="a:Annotation">
            <a:s r="34">
               <a:s>code &quot;Severely immunosuppressed&quot;: 'DE165' from </a:s>
               <a:s r="33">
                  <a:s>&quot;IMMZ.D4&quot;</a:s>
               </a:s>
               <a:s> display 'Severely immunosuppressed'</a:s>
            </a:s>
         </annotation>
         <codeSystem localId="33" locator="52:48-52:56" name="IMMZ.D4"/>
      </def>
      <def localId="36" locator="53:1-53:108" name="History of anaphylactic reactions" id="DE166" display="History of anaphylactic reactions" accessLevel="Public">
         <annotation xsi:type="a:Annotation">
            <a:s r="36">
               <a:s>code &quot;History of anaphylactic reactions&quot;: 'DE166' from </a:s>
               <a:s r="35">
                  <a:s>&quot;IMMZ.D4&quot;</a:s>
               </a:s>
               <a:s> display 'History of anaphylactic reactions'</a:s>
            </a:s>
         </annotation>
         <codeSystem localId="35" locator="53:56-53:64" name="IMMZ.D4"/>
      </def>
      <def localId="38" locator="54:1-54:92" name="Severe allergic reactions" id="DE167" display="Severe allergic reactions" accessLevel="Public">
         <annotation xsi:type="a:Annotation">
            <a:s r="38">
               <a:s>code &quot;Severe allergic reactions&quot;: 'DE167' from </a:s>
               <a:s r="37">
                  <a:s>&quot;IMMZ.D4&quot;</a:s>
               </a:s>
               <a:s> display 'Severe allergic reactions'</a:s>
            </a:s>
         </annotation>
         <codeSystem localId="37" locator="54:48-54:56" name="IMMZ.D4"/>
      </def>
      <def localId="40" locator="55:1-55:92" name="Symptomatic HIV infection" id="DE168" display="Symptomatic HIV infection" accessLevel="Public">
         <annotation xsi:type="a:Annotation">
            <a:s r="40">
               <a:s>code &quot;Symptomatic HIV infection&quot;: 'DE168' from </a:s>
               <a:s r="39">
                  <a:s>&quot;IMMZ.D4&quot;</a:s>
               </a:s>
               <a:s> display 'Symptomatic HIV infection'</a:s>
            </a:s>
         </annotation>
         <codeSystem localId="39" locator="55:48-55:56" name="IMMZ.D4"/>
      </def>
   </codes>
</library>
